{"cameraMode":{"drawMode":0,"name":"Shaded","section":"Shading Mode"},"sceneLighting":false,"audioPlay":false,"sceneViewState":{"showFog":false,"showMaterialUpdate":false,"showSkybox":false,"showFlares":false,"showImageEffects":false,"showParticleSystems":false},"in2DMode":false,"pivot":{"x":6.548998832702637,"y":-1.1475856304168702,"z":3.919490337371826},"rotation":{"x":0.006056685000658035,"y":-0.3177986443042755,"z":0.0017840686487033964,"w":0.9482629299163818},"size":0.596489667892456,"orthographic":false}