{"cameraMode":{"drawMode":0,"name":"Shaded","section":"Shading Mode"},"sceneLighting":true,"audioPlay":false,"sceneViewState":{"showFog":false,"showMaterialUpdate":false,"showSkybox":true,"showFlares":false,"showImageEffects":false,"showParticleSystems":false},"in2DMode":false,"pivot":{"x":75.87895202636719,"y":11.321805000305176,"z":-30.247024536132814},"rotation":{"x":-0.025587929412722589,"y":0.8904061317443848,"z":-0.04957539215683937,"w":-0.45205777883529665},"size":0.06962884962558747,"orthographic":false}