{"cameraMode":{"drawMode":0,"name":"Shaded","section":"Shading Mode"},"sceneLighting":false,"audioPlay":false,"sceneViewState":{"showFog":false,"showMaterialUpdate":false,"showSkybox":false,"showFlares":false,"showImageEffects":false,"showParticleSystems":false},"in2DMode":false,"pivot":{"x":-21.0845947265625,"y":10.67463207244873,"z":-56.85543441772461},"rotation":{"x":0.29168882966041567,"y":0.3336839973926544,"z":-0.1094655692577362,"w":0.8897672295570374},"size":0.3503562808036804,"orthographic":false}