{"cameraMode":{"drawMode":0,"name":"Shaded","section":"Shading Mode"},"sceneLighting":false,"audioPlay":false,"sceneViewState":{"showFog":false,"showMaterialUpdate":false,"showSkybox":false,"showFlares":false,"showImageEffects":false,"showParticleSystems":false},"in2DMode":false,"pivot":{"x":19.378915786743165,"y":0.5708048343658447,"z":9.119538307189942},"rotation":{"x":-0.2158571034669876,"y":-0.4208017587661743,"z":0.10370220243930817,"w":-0.8750423192977905},"size":3.1618635654449465,"orthographic":false}